{"11 SLATER BLVD": [40.583569, -74.0946737], "16 SLATER BLVD": [40.5830864, -74.0949609], "17 SLATER BLVD": [40.5834268, -74.0945954], "18 SLATER BLVD": [40.5830677, -74.0949254], "21 SLATER BLVD": [40.5833606, -74.0944524], "22 SLATER BLVD": [40.5830287, -74.0948059], "23 SLATER BLVD": [40.5833336, -74.0943995], "27 SLATER BLVD": [40.5832848, -74.094304], "29 SLATER BLVD": [40.5832573, -74.0942509], "30 SLATER BLVD": [40.5829296, -74.0945847], "32 SLATER BLVD": [40.5829092, -74.0945452], "33 SLATER BLVD": [40.5832089, -74.0941558], "33 LIBERTY AVE": [40.5897193, -74.0997947], "34 SLATER BLVD": [40.5828512, -74.0944872], "35 SLATER BLVD": [40.5831812, -74.0941026], "36 SLATER BLVD": [40.582827, -74.0944397], "38 SLATER BLVD": [40.5827875, -74.0943278], "39 SLATER BLVD": [40.5831303, -74.094004], "40 SEAVIEW AVE": [40.5903007, -74.0997044], "41 SLATER BLVD": [40.5831036, -74.0939515], "42 SLATER BLVD": [40.5827273, -74.0942081], "45 SLATER BLVD": [40.5830553, -74.0938593], "46 SLATER BLVD": [40.5826665, -74.0940886], "47 SLATER BLVD": [40.5830277, -74.0938051], "50 SLATER BLVD": [40.5826191, -74.0939744], "51 SLATER BLVD": [40.5829787, -74.0937095], "51 JEFFERSON AVE": [40.5851194, -74.1039288], "52 SLATER BLVD": [40.5825954, -74.0939278], "53 SLATER BLVD": [40.5829516, -74.093657], "54 SLATER BLVD": [40.5825408, -74.0938232], "54 STOBE AVE": [40.5855121, -74.1032741], "55 MEADOW PL": [40.5811015, -74.095769], "56 SLATER BLVD": [40.5825163, -74.0937753], "57 SLATER BLVD": [40.5829027, -74.0935619], "59 SLATER BLVD": [40.5828753, -74.0935082], "60 SLATER BLVD": [40.5824294, -74.0937234], "62 SLATER BLVD": [40.582431, -74.093645], "63 SLATER BLVD": [40.5828257, -74.0934133], "64 SLATER BLVD": [40.5823913, -74.0935415], "64 SEAVIEW AVE": [40.5900244, -74.0991672], "65 SLATER BLVD": [40.582798, -74.0933597], "66 SLATER BLVD": [40.5823604, -74.0935014], "69 SLATER BLVD": [40.5827496, -74.0932649], "71 SLATER BLVD": [40.5827141, -74.0932176], "83 BUEL AVE": [40.5881315, -74.0989438], "NORTH RAILROAD AVENUE": [40.5587274, -74.134335], "152 JEFFERSON ST": [40.5882124, -74.099665], "154 JEFFERSON ST": [40.5882077, -74.0996692], "158 JEFFERSON ST": [40.5881982, -74.0996776], "210 NAUGHTON AVE": [40.5853321, -74.0970918], "LIBERTY AVENUE": [40.5792888, -74.0796936], "217 BUEL AVE": [40.5861738, -74.0950325], "221 BUEL AVE": [40.5861189, -74.0949255], "228 LIBERTY AVE": [40.586736, -74.094359], "307 BUEL AVE": [40.5848505, -74.0924523], "311 BUEL AVE": [40.5847986, -74.092351], "323 DONGAN HILLS AVE": [40.5839133, -74.092214], "629 LACONIA AVE APT A": null, "671 N RAILROAD AVE": [40.5885938, -74.0970771], "675 N RAILROAD AVE": [40.5885219, -74.0971275], "679 N RAILROAD AVE": [40.5884598, -74.0972172], "686 N RAILROAD AVE": [40.5882869, -74.0974839], "688 N RAILROAD AVE": [40.5882498, -74.0975161], "689 N RAILROAD AVE": [40.5883976, -74.0980172], "690 N RAILROAD AVE": [40.5881978, -74.0976075], "692 N RAILROAD AVE": [40.5881608, -74.0976404], "693 N RAILROAD AVE": [40.5883347, -74.0981253], "694 N RAILROAD AVE": [40.5881077, -74.0977141], "696 N RAILROAD AVE": [40.5880803, -74.0977666], "697 N RAILROAD AVE": [40.5882581, -74.0982246], "698 N RAILROAD AVE": [40.5880201, -74.097852], "700 N RAILROAD AVE": [40.5879827, -74.0978852], "701 N RAILROAD AVE": [40.5881689, -74.0983198], "702 N RAILROAD AVE": [40.5879302, -74.0979751], "704 N RAILROAD AVE": [40.5878929, -74.0980082], "705 N RAILROAD AVE": [40.5880925, -74.0984229], "706 N RAILROAD AVE": [40.5878433, -74.0980978], "708 N RAILROAD AVE": [40.5878047, -74.098131], "722 N RAILROAD AVE": [40.587603, -74.098472], "724 N RAILROAD AVE": [40.5875645, -74.0985065], "726 N RAILROAD AVE": [40.5875063, -74.0986032], "728 N RAILROAD AVE": [40.5874685, -74.0986369], "732 N RAILROAD AVE": [40.5874104, -74.098734], "734 N RAILROAD AVE": [40.5873726, -74.0987677], "735 N RAILROAD AVE": [40.5875315, -74.0991647], "736 N RAILROAD AVE": [40.5873145, -74.0988675], "738 N RAILROAD AVE": [40.5872761, -74.0989015], "851 N RAILROAD AVE": [40.5851141, -74.101951], "868 S RAILROAD AVE": [40.5843808, -74.1017012], "869 N RAILROAD AVE": [40.5847192, -74.1024937], "873 N RAILROAD AVE": [40.5846698, -74.1025544], "877 N RAILROAD AVE": [40.584587, -74.1026583], "1592 RICHMOND RD": [40.5906654, -74.1005324], "1600 RICHMOND RD": [40.5904168, -74.1006175], "1602 RICHMOND RD": [40.5903484, -74.1006498], "1610 RICHMOND RD": [40.5902187, -74.1005607], "1612 RICHMOND RD": [40.590215, -74.1006683], "1630 RICHMOND RD": [40.589868, -74.1007513], "1648 RICHMOND RD": [40.5898763, -74.1009813], "1674 RICHMOND RD": [40.589196, -74.101503], "1748 HYLAN BLVD": [40.5866573, -74.0918458], "1752 HYLAN BLVD": [40.5860158, -74.0921023], "1754 HYLAN BLVD": [40.5859751, -74.0921386], "1756 HYLAN BLVD": [40.5859346, -74.0921745], "1766 HYLAN BLVD": [40.5854696, -74.0925411], "1776 RICHMOND RD": [40.5867643, -74.1038437], "1780 HYLAN BLVD": [40.5852869, -74.0927092], "1788 RICHMOND RD": [40.5866345, -74.1040923], "1791 HYLAN BLVD": [40.5855354, -74.0934591], "1794 RICHMOND RD": [40.586536, -74.1042091], "1801 HYLAN BLVD": [40.5852698, -74.0938502], "1807 HYLAN BLVD": [40.5851847, -74.0939393], "1817 HYLAN BLVD": [40.585131, -74.0941003], "1820 RICHMOND RD": [40.5861663, -74.1044501], "1824 RICHMOND RD": [40.5858821, -74.1049641], "1832 HYLAN BLVD": [40.5844797, -74.094213], "1833 HYLAN BLVD": [40.5845123, -74.0947772], "1834 HYLAN BLVD": [40.5843504, -74.0940025], "1840 HYLAN BLVD": [40.5841322, -74.0943044], "1854 HYLAN BLVD": [40.5837702, -74.0946929], "1870 HYLAN BLVD": [40.5836222, -74.0947993], "1880 HYLAN BLVD": [40.583202, -74.0951407], "1888 HYLAN BLVD": [40.5831183, -74.0954765], "1898 HYLAN BLVD": [40.583076, -74.095979], "1961 HYLAN BLVD": [40.5820948, -74.0978302], "1975 HYLAN BLVD": [40.5818316, -74.0981341], "1986 HYLAN BLVD": [40.5812562, -74.0980163], "1988 HYLAN BLVD": [40.5812249, -74.098056], "1990 HYLAN BLVD": [40.5811889, -74.098102]}